id,label
1,7
2,10
3,2
4,1
5,11
6,7
7,6
8,6
9,4
10,10
11,7
12,11
13,4
14,12
15,9
16,7
17,3
18,11
19,1
20,7
21,7
22,1
23,11
24,1
25,4
26,13
27,8
28,11
29,13
30,8
31,13
32,2
33,1
34,8
35,12
36,6
37,3
38,5
39,13
40,12
41,5
42,11
43,11
44,8
45,5
46,9
47,9
48,3
49,6
50,4
51,9
52,12
53,2
54,8
55,12
56,5
57,4
58,8
59,3
60,4
61,3
62,2
63,13
64,12
65,8
66,8
67,6
68,4
69,11
70,6
71,8
72,11
73,3
74,10
75,9
76,2
77,1
78,6
79,9
80,5
81,3
82,9
83,1
84,2
85,10
86,3
87,8
88,2
89,7
90,2
91,11
92,5
93,8
94,7
95,7
96,2
97,7
98,3
99,1
100,4
101,7
102,12
103,3
104,2
105,11
106,13
107,7
108,4
109,11
110,1
111,5
112,8
113,7
114,1
115,3
116,3
117,10
118,9
119,10
120,9
121,3
122,1
123,8
124,13
125,1
126,7
127,10
128,9
129,5
130,11
131,10
132,6
133,10
134,13
135,13
136,9
137,11
138,3
139,2
140,12
141,4
142,3
143,13
144,6
145,11
146,9
147,6
148,3
149,3
150,2
151,5
152,1
153,10
154,8
155,12
156,2
157,3
158,4
159,6
160,6
161,13
162,9
163,9
164,5
165,2
166,12
167,9
168,11
169,7
170,8
171,8
172,6
173,2
174,12
175,7
176,4
177,10
178,13
179,11
180,2
181,8
182,11
183,12
184,2
185,9
186,1
187,11
188,3
189,1
190,8
191,7
192,7
193,2
194,4
195,5
196,1
197,12
198,1
199,8
200,2
201,8
202,1
203,11
204,10
205,7
206,8
207,13
208,3
209,5
210,10
211,8
212,3
213,13
214,6
215,4
216,8
217,2
218,10
219,7
220,5
221,13
222,9
223,9
224,5
225,3
226,11
227,11
228,6
229,7
230,3
231,7
232,4
233,12
234,8
235,1
236,11
237,9
238,1
239,12
240,1
241,8
242,5
243,6
244,6
245,3
246,6
247,4
248,7
249,11
250,9
251,2
252,12
253,4
254,5
255,1
256,8
257,3
258,12
259,2
260,8
261,4
262,8
263,8
264,3
265,7
266,6
267,4
268,2
269,8
270,4
271,7
272,13
273,4
274,10
275,13
276,10
277,7
278,1
279,7
280,4
281,9
282,6
283,11
284,11
285,7
286,4
287,8
288,3
289,8
290,1
291,8
292,8
293,9
294,11
295,5
296,4
297,13
298,8
299,5
300,12
301,2
302,6
303,7
304,6
305,6
306,6
307,6
308,2
309,11
310,9
311,6
312,4
313,9
314,1
315,8
316,9
317,7
318,6
319,6
320,10
321,8
322,1
323,12
324,9
325,9
326,12
327,8
328,1
329,8
330,9
331,3
332,8
333,6
334,10
335,10
336,9
337,10
338,3
339,6
340,13
341,5
342,11
343,10
344,6
345,3
346,4
347,8
348,6
349,7
350,11
351,8
352,1
353,4
354,4
355,11
356,12
357,11
358,7
359,1
360,13
361,2
362,13
363,1
364,9
365,7
366,7
367,1
368,1
369,11
370,1
371,12
372,9
373,2
374,6
375,13
376,11
377,7
378,6
379,10
380,13
381,10
382,12
383,12
384,6
385,4
386,1
387,6
388,11
389,8
390,8
391,3
392,4
393,1
394,10
395,2
396,13
397,2
398,11
399,4
400,9
401,4
402,10
403,9
404,11
405,6
406,7
407,9
408,8
409,10
410,12
411,13
412,8
413,3
414,11
415,13
416,12
417,8
418,2
419,10
420,6
421,5
422,12
423,7
424,7
425,13
426,8
427,6
428,9
429,3
430,1
431,2
432,2
433,3
434,3
435,7
436,7
437,1
438,5
439,8
440,8
441,8
442,7
443,1
444,5
445,5
446,3
447,3
448,7
449,7
450,1
451,10
452,7
453,10
454,3
455,3
456,4
457,11
458,1
459,13
460,3
461,6
462,3
463,5
464,3
465,7
466,1
467,9
468,4
469,4
470,9
471,1
472,3
473,8
474,12
475,3
476,10
477,12
478,11
479,5
480,8
481,11
482,6
483,10
484,4
485,6
486,9
487,10
488,8
489,5
490,11
491,4
492,11
493,13
494,11
495,11
496,12
497,3
498,9
499,9
500,11
501,8
502,7
503,11
504,10
505,10
506,3
507,13
508,10
509,12
510,6
511,3
512,11
513,5
514,6
515,4
516,1
517,10
518,5
519,11
520,11
521,6
522,8
523,8
524,2
525,13
526,3
527,2
528,12
529,13
530,7
531,5
532,5
533,6
534,9
535,8
536,10
537,8
538,7
539,11
540,7
541,13
542,2
543,12
544,5
545,13
546,11
547,9
548,7
549,10
550,6
551,7
552,9
553,12
554,2
555,10
556,3
557,13
558,4
559,4
560,7
561,8
562,6
563,11
564,4
565,4
566,10
567,9
568,13
569,10
570,8
571,4
572,1
573,6
574,13
575,9
576,12
577,3
578,10
579,3
580,12
581,2
582,11
583,6
584,3
585,11
586,7
587,12
588,8
589,10
590,3
591,7
592,5
593,5
594,13
595,6
596,2
597,2
598,10
599,7
600,1
601,12
602,2
603,12
604,12
605,6
606,9
607,7
608,7
609,7
610,7
611,4
612,8
613,12
614,6
615,7
616,7
617,8
618,9
619,9
620,1
621,4
622,2
623,10
624,7
625,12
626,2
627,9
628,3
629,12
630,8
631,4
632,12
633,4
634,13
635,8
636,7
637,8
638,1
639,6
640,9
641,11
642,9
643,8
644,10
645,3
646,8
647,2
648,4
649,6
650,5
651,12
652,1
653,9
654,8
655,10
656,5
657,11
658,8
659,4
660,13
661,6
662,12
663,13
664,8
665,3
666,2
667,3
668,9
669,8
670,2
671,1
672,1
673,2
674,1
675,11
676,8
677,6
678,9
679,7
680,3
681,11
682,8
683,1
684,13
685,11
686,4
687,6
688,9
689,9
690,8
691,6
692,2
693,12
694,8
695,8
696,6
697,1
698,9
699,7
700,5
701,10
702,8
703,11
704,2
705,6
706,8
707,12
708,2
709,10
710,11
711,3
712,9
713,2
714,8
715,13
716,7
717,1
718,5
719,12
720,12
721,7
722,9
723,10
724,12
725,4
726,9
727,5
728,11
729,3
730,6
731,13
732,10
733,1
734,5
735,11
736,11
737,4
738,13
739,1
740,3
741,8
742,10
743,11
744,4
745,4
746,7
747,6
748,6
749,13
750,12
751,11
752,11
753,10
754,2
755,4
756,6
757,1
758,10
759,4
760,5
761,5
762,9
763,8
764,3
765,8
766,12
767,12
768,13
769,5
770,5
771,2
772,3
773,4
774,7
775,6
776,12
777,4
778,6
779,7
780,1
781,13
782,8
783,8
784,9
